term,estimate,std.error,statistic,p.value,b,df,dfcom,fmi,lambda,m,riv,ubar,model,type
historical_hba1c_group7-9,0.25400034289981427,0.023751597431083987,10.694031996660616,0,0,15113.235103773564,15117,1.323080771283272e-4,0,10,0,5.641383805282755e-4,Main,unadjusted
historical_hba1c_group>=9,0.6473262027254338,0.024474112626557697,26.449424851587796,0,0,15113.235103773564,15117,1.323080771283272e-4,0,10,0,5.98982188857431e-4,Main,unadjusted
historical_hba1c_groupUnavailable,0.3818277288216155,0.026604528176170737,14.351982726144065,0,0,15113.235103773564,15117,1.323080771283272e-4,0,10,0,7.078009194766626e-4,Main,unadjusted
raceethNHBlack,0.19050721773901633,0.019943737868203113,9.552232334679227,0,0,15113.235103773564,15117,1.323080771283272e-4,0,10,0,3.9775268015559886e-4,Main,unadjusted
raceethHispanic,0.16328495919011404,0.026821685814790417,6.087796282367643,1.1724370363452863e-9,0,15113.235103773564,15117,1.323080771283272e-4,0,10,0,7.194028299473295e-4,Main,unadjusted
raceethNHOther,0.0501371823208585,0.030078564638311982,1.6668741651653567,0.09556014956818659,0,15113.235103773564,15117,1.323080771283272e-4,0,10,0,9.04720050701112e-4,Main,unadjusted
regionUrban,0.03010039469753614,0.03309165224768974,0.909606884305318,0.3630443722694845,0,15113.235103773564,15117,1.323080771283272e-4,0,10,0,0.0010950574484820297,Main,unadjusted
historical_hba1c_group7-9,0.1653311491882811,0.024091881337948054,6.862525465284507,7.029932191926491e-12,1.816814091066976e-7,15030.84548494677,15041,4.773069549571547e-4,3.4431959900728317e-4,10,3.4443819582875374e-4,5.802188968517524e-4,Main,adjusted
historical_hba1c_group>=9,0.46653398145550445,0.0258034159125322,18.08031863056233,0,9.443874360195709e-7,14954.798753092111,15041,0.0016937303802676729,0.0015602294839128952,10,0.0015626676039821837,6.647774465754983e-4,Main,adjusted
historical_hba1c_groupUnavailable,0.3077227582955556,0.027769546159968884,11.081303112513684,0,7.78032353874583e-7,14991.48896230267,15041,0.0012430548986609876,0.001109820590786874,10,0.0011110536610173403,7.702918583413806e-4,Main,adjusted
raceethNHBlack,0.18405468178555398,0.022897583092683128,8.038170711753777,8.881784197001252e-16,1.2615110850133566e-6,14826.1108073492,15041,0.002781211378743988,0.0026466984852236974,10,0.002653722087452763,5.229116492928136e-4,Main,adjusted
raceethHispanic,0.20511736355386037,0.02986763285956652,6.867546702421778,6.790124018607457e-12,1.678458615025393e-6,14901.433777873533,15041,0.002203583437089198,0.0020696729052344085,10,0.00207396533509485,8.902291881573298e-4,Main,adjusted
raceethNHOther,0.11204445117793399,0.031475707092701165,3.5597119660551084,3.7241405496013513e-4,1.529649595319672e-6,14941.563055240567,15041,0.0018319758885365612,0.0016983752444674847,10,0.001701264630199704,9.890375224306666e-4,Main,adjusted
regionUrban,0.05656209268591479,0.03414090462200524,1.6567250725236542,0.09759593915472009,2.657042722388137e-7,15033.650250354738,15041,3.837251296468494e-4,2.5075013412319e-4,10,2.5081302552297974e-4,0.001165309093709396,Main,adjusted
SviOverallPctlRankByZip2020_X,0.045773817721307286,0.03329866374540979,1.3746442821633404,0.16926409913387253,7.1433480400406665e-6,13783.896317501236,15041,0.007230685619340126,0.007086648364142169,10,0.0071372273849139795,0.0011009433243858234,Main,adjusted
age,-0.0032513188416795624,7.737889910566963e-4,-4.20181584289474,2.664908344440775e-5,4.4126636167456104e-9,13451.808390121256,15041,0.008254221199280964,0.008106780493958948,10,0.008173037515062449,5.938954727021198e-7,Main,adjusted
female,0.023550740029576286,0.01682636020274649,1.3996336549203439,0.16164462700095372,1.2762169592544548e-6,14376.737198952616,15041,0.005096741019361755,0.004958346048690972,10,0.004983053753580452,0.00028172255901739095,Main,adjusted
supreme_detected_t2dm,-0.26137815336611636,0.019670750000942996,-13.287655699634541,0,1.3025187545620789e-6,14648.932851228376,15041,0.003838834350579354,0.003702839028858014,10,0.0037166010041107277,3.8550563496958057e-4,Main,adjusted
ldl,8.008731533775282e-4,2.4512305665490313e-4,3.2672289759548763,0.0012327897749973005,1.0074595005810103e-8,258.9823682538653,15041,0.19066473657125044,0.18443865848092042,10,0.22614933922368313,4.900325839745174e-8,Main,adjusted
BodyMassIndex,-0.001364458596934411,0.0014752275707000722,-0.9249139753312124,0.35567825954875065,3.2039803879020864e-7,334.0769581573601,15041,0.16691635393495863,0.1619438625368852,10,0.19323748767845855,1.8238585426844073e-6,Main,adjusted
insurance_medicare,-0.060691811798731385,0.020292881299661815,-2.9907932196766374,0.0027922481112052644,9.720785056838598e-6,6984.131782646098,15041,0.02624490016876735,0.025966092229237722,10,0.02665830421516374,4.0110816787964173e-4,Main,adjusted
insurance_medicaid,-0.039338391549498815,0.025366818379487083,-1.5507814563496802,0.12101054635648234,1.8391671816146368e-5,5602.797151904915,15041,0.03178551007221003,0.031439953492026294,10,0.032460510430281794,6.232446357001227e-4,Main,adjusted
insurance_other,-0.03361408865641616,0.025369249374970152,-1.3249934264740424,0.18528751342661676,3.0754876602549864e-5,2651.2237499806574,15041,0.05327827490273928,0.05256436701687244,10,0.05548067350112905,6.097684495866186e-4,Main,adjusted
factor(ValidatedStateOrProvince_X)*Unspecified,0.1389254737050393,0.7908693368430845,0.17566172720716236,0.8605620703511017,7.802949490612407e-5,15036.4635372848,15041,2.701929876527429e-4,1.3722776987734392e-4,10,1.3724660392272348e-4,0.6253884755142235,Main,adjusted
factor(ValidatedStateOrProvince_X)Alabama,-0.20001683305200177,0.7135647984090854,-0.28030647461582386,0.7792462400794689,7.601071021857354e-5,15035.853455328492,15041,2.9717741661504924e-4,1.6421039322105213e-4,10,1.6423736270296317e-4,0.5090911097473583,Main,adjusted
factor(ValidatedStateOrProvince_X)Alaska,-10.278558482456225,117.64045761767352,-0.0873726496020706,0.9303764720761074,1.6114022699576433e-4,15037.245251542634,15041,1.3298936135995533e-4,1.2808056826699355e-8,10,1.2808056990745675e-8,13839.27709124139,Main,adjusted
factor(ValidatedStateOrProvince_X)Arizona,-0.4667875491942172,0.7195181550557639,-0.6487502030550437,0.5165097571301478,7.524411942743035e-5,15035.953933874478,15041,2.928421453353434e-4,1.5987543382569704e-4,10,1.5990099806713215e-4,0.5176236069234802,Main,adjusted
factor(ValidatedStateOrProvince_X)Arkansas,-0.379073782520769,0.711950458709875,-0.5324440456259955,0.5944263539983592,7.954070609080045e-5,15035.655922381811,15041,3.0558426016548873e-4,1.7261660819550443e-4,10,1.7264640983318696e-4,0.5067859608805014,Main,adjusted
factor(ValidatedStateOrProvince_X)California,-0.5724343589596254,0.7090448661966668,-0.8073316460637767,0.41948820764411465,8.710772061091808e-5,15035.221657617592,15041,3.23559887173734e-4,1.9059078590933834e-4,10,1.906271176815129e-4,0.5026488037871771,Main,adjusted
factor(ValidatedStateOrProvince_X)Colorado,-0.3482015880412064,0.7150960849845301,-0.4869297921673548,0.6263151836979144,8.810181778050441e-5,15035.248049967004,15041,3.2248626403473887e-4,1.8951725335947825e-4,10,1.8955317695694066e-4,0.5112654987606439,Main,adjusted
factor(ValidatedStateOrProvince_X)Connecticut,-0.5278033449262071,0.7105934704337998,-0.7427641357357198,0.45763609624327706,7.564854655972947e-5,15035.839772420682,15041,2.9776465332685497e-4,1.647975870447172e-4,10,1.6482474976576387e-4,0.5048598668219357,Main,adjusted
factor(ValidatedStateOrProvince_X)Delaware,-0.5158240331689461,0.734098780099817,-0.7026629755450736,0.48227668474628205,8.966690276817622e-5,15035.406371271727,15041,3.1599576386614884e-4,1.830272899432691e-4,10,1.830607950644846e-4,0.5388023853509945,Main,adjusted
factor(ValidatedStateOrProvince_X)District of Columbia,0.1247210329960032,0.8664411790568204,0.14394633589757408,0.8855447750312218,1.1344826459300795e-4,15035.806294871214,15041,2.9919830760136086e-4,1.6623113597085591e-4,10,1.6625877335561592e-4,0.7505955236743208,Main,adjusted
factor(ValidatedStateOrProvince_X)Florida,-0.5180315138332546,0.7090273817809851,-0.7306227194386011,0.46502101501318305,7.816190671723737e-5,15035.693574280083,15041,3.039934034387031e-4,1.7102587282325998e-4,10,1.7105512767577163e-4,0.5026338500178098,Main,adjusted
factor(ValidatedStateOrProvince_X)Georgia,-0.9102499487907929,0.715886059269605,-1.2715011516210988,0.20357008585494318,7.965581498486129e-5,15035.694871680877,15041,3.039384902519767e-4,1.7097096380538915e-4,10,1.7100019987437257e-4,0.5124052284600812,Main,adjusted
factor(ValidatedStateOrProvince_X)Hawaii,-0.7046678117555173,0.7192465741308309,-0.9797305084241364,0.32723492555860245,7.595341620719652e-5,15035.916286960175,15041,2.9447124064996077e-4,1.6150441291995846e-4,10,1.6153050080866023e-4,0.517232085641109,Main,adjusted
factor(ValidatedStateOrProvince_X)Idaho,-0.747601536981511,0.7138873231148706,-1.0472262397370173,0.2950120795648463,7.782960878780564e-5,15035.765126901344,15041,3.0095527606143103e-4,1.6798797408031023e-4,10,1.6801619878115614e-4,0.509549497534449,Main,adjusted
factor(ValidatedStateOrProvince_X)Illinois,-0.2544452997637805,0.7082585068708309,-0.3592548445170813,0.7194094960715356,7.151771705764881e-5,15036.024011873435,15041,2.8979418120464787e-4,1.5682768397362517e-4,10,1.5685228275385543e-4,0.5015514430661354,Main,adjusted
factor(ValidatedStateOrProvince_X)Indiana,-0.7282044005267219,0.709602595545822,-1.0262143981683036,0.30480704502013367,7.805976921211485e-5,15035.705389498527,15041,3.0349308132420237e-4,1.7052558864234763e-4,10,1.7055467257828474e-4,0.503449977859234,Main,adjusted
factor(ValidatedStateOrProvince_X)Iowa,-0.3126936361672332,0.7093329419460424,-0.4408277378312133,0.6593440488943136,7.375607320168999e-5,15035.922257110715,15041,2.9421327829396197e-4,1.6124646904561843e-4,10,1.6127247366255076e-4,0.5030720908493057,Main,adjusted
factor(ValidatedStateOrProvince_X)Kansas,-0.4594984421385737,0.7108349595934981,-0.6464207140309264,0.5180167952425025,6.712282816717213e-5,15036.26640208263,15041,2.7909106359151387e-4,1.4612528614170437e-4,10,1.4614664186156506e-4,0.5052125046693061,Main,adjusted
factor(ValidatedStateOrProvince_X)Kentucky,-0.42012982109382596,0.711240470755466,-0.5907001054756799,0.5547302555466886,7.154368411295284e-5,15036.052751665131,15041,2.8853827722032744e-4,1.555718670822668e-4,10,1.555960734539247e-4,0.5057843091879327,Main,adjusted
factor(ValidatedStateOrProvince_X)Louisiana,-0.4381672649458362,0.7091264333236265,-0.6178972385674253,0.5366524376218385,6.937799982853699e-5,15036.139425086496,15041,2.847295725618581e-4,1.51763422263403e-4,10,1.5178645789570649e-4,0.5027839826384762,Main,adjusted
factor(ValidatedStateOrProvince_X)Maine,-0.3433545348735059,0.7123170380213416,-0.4820248801394229,0.6297952880528979,7.357560367547795e-5,15035.96242927217,15041,2.924737248668919e-4,1.5950703947715904e-4,10,1.5953248603170638e-4,0.5073146294914544,Main,adjusted
factor(ValidatedStateOrProvince_X)Maryland,-0.35993675407149417,0.7096864270446487,-0.5071771705855794,0.6120379497286674,6.510668859280805e-5,15036.35396537094,15041,2.7516084289270994e-4,1.421953169817893e-4,10,1.422155393654891e-4,0.5035832073739474,Main,adjusted
factor(ValidatedStateOrProvince_X)Massachusetts,-0.2932685781375406,0.7084255352783012,-0.4139723422340099,0.6789002670508162,7.697874455510939e-5,15035.747849712201,15041,3.016906701789404e-4,1.687233132316129e-4,10,1.6875178559199168e-4,0.501782062415337,Main,adjusted
factor(ValidatedStateOrProvince_X)Michigan,-0.4089677182557706,0.708235792222585,-0.5774457076962298,0.5636470507081606,6.498555630384144e-5,15036.346920997516,15041,2.754783168745093e-4,1.4251277089948725e-4,10,1.4253308368418794e-4,0.5015264532732183,Main,adjusted
factor(ValidatedStateOrProvince_X)Minnesota,-0.40355409192836317,0.7091854884195342,-0.5690388459974126,0.5693382775473308,7.298867127229155e-5,15035.95947626909,15041,2.926018214423922e-4,1.5963512697782738e-4,10,1.5966061442028372e-4,0.5028637694464538,Main,adjusted
factor(ValidatedStateOrProvince_X)Mississippi,-0.33419693405908574,0.709609707347654,-0.4709587969254696,0.637676991180123,7.35521330161582e-5,15035.935467228896,15041,2.936419728298896e-4,1.6067520440744018e-4,10,1.60701025077493e-4,0.5034650294157055,Main,adjusted
factor(ValidatedStateOrProvince_X)Missouri,-0.5512563473236072,0.7165097394791692,-0.7693633693302137,0.44168971325590234,7.344703658711764e-5,15036.011569479308,15041,2.9033683287935064e-4,1.573702978005008e-4,10,1.5739506710908408e-4,0.5133054150282611,Main,adjusted
factor(ValidatedStateOrProvince_X)Montana,-1.615655575191734,1.2249609003651545,-1.3189446085259664,0.1872077161539163,1.1392640602750881e-4,15037.245251542634,15041,2.164820152900897e-4,8.351656602902628e-5,10,8.352354162840567e-5,1.5004038883767798,Main,adjusted
factor(ValidatedStateOrProvince_X)Nebraska,-0.5883107550418113,0.7640422633390556,-0.7699976601696695,0.44131337738344234,7.987588554139013e-5,15036.167726865187,15041,2.8347892572831295e-4,1.5051285934758192e-4,10,1.5053551687866068e-4,0.5836727166941712,Main,adjusted
factor(ValidatedStateOrProvince_X)Nevada,-0.5636558653598307,0.7199343094541009,-0.7829268003454785,0.43368242959019354,8.750573434136668e-5,15035.341098320392,15041,3.1868218615458235e-4,1.8571349233777163e-4,10,1.857479882453634e-4,0.5182091536213775,Main,adjusted
factor(ValidatedStateOrProvince_X)New Hampshire,-0.26867705069355097,0.7132206483965832,-0.37670957970380337,0.7063947586037143,6.888345287577398e-5,15036.202837072697,15041,2.819225722265322e-4,1.4895660930647767e-4,10,1.4897880068348603e-4,0.5086079215010791,Main,adjusted
factor(ValidatedStateOrProvince_X)New Jersey,-0.6824561279166532,0.7139975910765248,-0.9558241322462795,0.33917646043108984,6.445140980616448e-5,15036.42305972725,15041,2.7203474119734877e-4,1.3906941046375488e-4,10,1.3908875345469994e-4,0.5097216635122936,Main,adjusted
factor(ValidatedStateOrProvince_X)New Mexico,-0.3126114117457657,0.7563946014461457,-0.4132914369670091,0.6793989965588363,7.50818638674527e-5,15036.305948621986,15041,2.7732035024562445e-4,1.443546869724942e-4,10,1.443755282566822e-4,0.5720502030466194,Main,adjusted
factor(ValidatedStateOrProvince_X)New York,-0.5177031275652161,0.7082639010874194,-0.7309466524700334,0.4648231285335247,7.362741068099327e-5,15035.917512649561,15041,2.9441829199151507e-4,1.614514680574179e-4,10,1.6147753884312242e-4,0.5015567634318208,Main,adjusted
factor(ValidatedStateOrProvince_X)North Carolina,-0.5845090565826401,0.7094169496512476,-0.8239288007849083,0.4099930835411896,7.630558193095101e-5,15035.79343287108,15041,2.997479431620888e-4,1.6678073090106908e-4,10,1.668085513531843e-4,0.5031884723123567,Main,adjusted
factor(ValidatedStateOrProvince_X)North Dakota,-0.4451720016498514,0.7226404572667307,-0.6160352595447557,0.5378805746782556,9.239054357318183e-5,15035.12221644252,15041,3.2758415533826196e-4,1.9461470996470876e-4,10,1.94652592222488e-4,0.522107600880739,Main,adjusted
factor(ValidatedStateOrProvince_X)Ohio,-0.42452289968526763,0.7078345642357883,-0.5997487564676962,0.5486827266941123,7.334168779944792e-5,15035.927494034924,15041,2.9398687879846443e-4,1.6102008574612315e-4,10,1.6104601738965228e-4,0.5009490944702889,Main,adjusted
factor(ValidatedStateOrProvince_X)Oklahoma,-0.47948894376418516,0.7134101060281071,-0.6721084264333286,0.5015249994166127,7.046773622781259e-5,15036.127221098337,15041,2.8526779539795265e-4,1.5230160877130504e-4,10,1.5232480808463213e-4,0.5088764648731844,Main,adjusted
factor(ValidatedStateOrProvince_X)Oregon,-0.6041420780672548,0.7105002724644327,-0.8503052025184099,0.3951689648290033,8.079375951783763e-5,15035.574164983618,15041,3.0902034020230846e-4,1.7605242228549664e-4,10,1.7608342219849898e-4,0.5047217640365635,Main,adjusted
factor(ValidatedStateOrProvince_X)Pennsylvania,-0.5032975855122792,0.708045558221378,-0.7108265558173558,0.4772027478704155,6.96756002421507e-5,15036.114086616275,15041,2.8584634006183343e-4,1.5288011424198286e-4,10,1.529034901450242e-4,0.5012518693567565,Main,adjusted
factor(ValidatedStateOrProvince_X)Puerto Rico,0.5838125891265993,1.2253804847124439,0.47643372520625765,0.6337723359401362,2.3763051330349743e-4,15035.621133444052,15041,3.0704940584139526e-4,1.740816411125669e-4,10,1.7411195080670064e-4,1.50129593874947,Main,adjusted
factor(ValidatedStateOrProvince_X)Rhode Island,-0.4346121263274214,0.790731285033485,-0.5496331491538455,0.5825791799549036,3.499153288310269e-5,15037.245251542634,15041,1.9452825536396198e-4,6.155988637927937e-5,10,6.156367623219332e-5,0.6252174744445351,Main,adjusted
factor(ValidatedStateOrProvince_X)South Carolina,-0.5592136526244527,0.7104722480450598,-0.7871013317736036,0.4312349560748914,7.758954803516902e-5,15035.73937298497,15041,3.020510557320852e-4,1.6908367176048737e-4,10,1.6911226588334265e-4,0.5046854667393623,Main,adjusted
factor(ValidatedStateOrProvince_X)South Dakota,-0.678075689305821,0.8662740338183135,-0.7827496413773797,0.4337864713645321,4.221983124044379e-5,15037.245251542634,15041,1.9485520494532998e-4,6.188687944305848e-5,10,6.189070966594623e-5,0.750384259853488,Main,adjusted
factor(ValidatedStateOrProvince_X)Tennessee,-0.707596377679808,0.7279522430890784,-0.9720368120264458,0.33104787126935564,6.5523246975524e-5,15036.490130588249,15041,2.6897873876503993e-4,1.360135946380091e-4,10,1.3603209685248815e-4,0.5298423926467475,Main,adjusted
factor(ValidatedStateOrProvince_X)Texas,-0.34160289057813065,0.7080396566175784,-0.48246293464694295,0.6294841462332115,7.421808018182418e-5,15035.885093574376,15041,2.9581672693265514e-4,1.6284980232667205e-4,10,1.6287632670427955e-4,0.5012385154549384,Main,adjusted
factor(ValidatedStateOrProvince_X)Utah,-0.24167866976742391,0.7130929373915527,-0.33891608946720003,0.7346776761408176,7.188278721625625e-5,15036.054435454078,15041,2.8846458967429214e-4,1.5549818462448064e-4,10,1.5552236807038407e-4,0.508422466291775,Main,adjusted
factor(ValidatedStateOrProvince_X)Vermont,-0.41327505579244994,0.7173663996993282,-0.5761003804550465,0.5645559568666536,7.037896330813469e-5,15036.169450334546,15041,2.8340265392681177e-4,1.5043659264141055e-4,10,1.504592272148842e-4,0.5145371345579375,Main,adjusted
factor(ValidatedStateOrProvince_X)Virgin Islands,-10.178245127950166,326.2583085937119,-0.031196891726135604,0.9751129327815036,7.017736349021033e-4,15037.245251542634,15041,1.3298380618849873e-4,7.252146564267775e-9,10,7.252146616861406e-9,106444.48315447872,Main,adjusted
factor(ValidatedStateOrProvince_X)Virginia,-0.36646650576806666,0.7085947850348581,-0.5171735856763876,0.6050425966586941,7.00054928591138e-5,15036.103043544394,15041,2.863321911848667e-4,1.533659323364904e-4,10,0.00015338945705358202,0.5020295633364517,Main,adjusted
factor(ValidatedStateOrProvince_X)Washington,-0.42191981565775777,0.7102067852028221,-0.5940802375427393,0.5524673857519564,7.023355530898066e-5,15036.107546854439,15041,2.861341264294217e-4,1.5316788105829016e-4,10,1.5319134505200826e-4,0.5043164208372876,Main,adjusted
factor(ValidatedStateOrProvince_X)West Virginia,-0.17655264262473624,0.7104449652204647,-0.2485099497748549,0.8037432665441759,6.600840344625612e-5,15036.317035938417,15041,2.768226422774191e-4,1.4385701084616902e-4,10,1.4387770866326473e-4,0.5046594393633164,Main,adjusted
factor(ValidatedStateOrProvince_X)Wisconsin,-0.35382361571986587,0.7081787849948682,-0.4996247038414598,0.6173466704848352,7.082417678804404e-5,15036.058007736572,15041,2.883082166035402e-4,1.5534182234356667e-4,10,1.553659571744843e-4,0.5014392849223409,Main,adjusted
factor(ValidatedStateOrProvince_X)Wyoming,-0.8728644416788308,0.7908750369429804,-1.1036692282674254,0.26975431106922265,8.600159662565167e-5,15036.151147933142,15041,2.842119643318907e-4,1.512458488488952e-4,10,1.5126872761600776e-4,0.6253887223032725,Main,adjusted
htn_dx,-0.026043870372481577,0.023056585561070004,-1.129563191544522,0.25867853391089324,1.0763250988557235e-6,14882.430269650742,15041,0.002361193401120043,0.0022271330684515457,10,0.0022321042616649314,5.304221801262004e-4,Main,adjusted
hld_dx,0.0719157494811808,0.025267956862405305,2.846124436288713,0.004431533073001148,1.2261142798365884e-6,14896.389105578692,15041,0.0022463852652361664,0.002112435133751565,10,0.002116906962393809,6.371209182925552e-4,Main,adjusted
cerebro_dx,0.01749464210042994,0.045002156283119696,0.3887511965063811,0.6974657107777948,3.2986429389937124e-7,15035.499506646944,15041,3.121365350248776e-4,1.791683713877147e-4,10,1.792004784455897e-4,0.0020248312194070402,Main,adjusted
pulmonary_dx,-0.14021581554737134,0.025569771964284446,-5.483655299829155,4.233478811954683e-8,1.8786270216760746e-7,15031.73860120221,15041,4.4905049510922043e-4,3.1606728080321847e-4,10,3.161672109138512e-4,6.536065893331224e-4,Main,adjusted
cardiovascular_dx,0.05889521840950982,0.018827398485213222,3.1281655007071376,0.0017623798775017185,3.515170509125958e-7,14992.81686887548,15041,0.0012240585046086323,0.0010908334625489718,10,0.0010920246796114212,3.5408426496500524e-4,Main,adjusted
obesity_dx,-0.04384915855386864,0.02060891611035699,-2.127679025867464,0.033389812669629704,7.257619410607856e-6,9343.699661126882,15041,0.01900643918209395,0.01879648196647604,10,0.01915655786084721,4.167440418920632e-4,Main,adjusted
htn_rx,0.0496553568433063,0.018585408374367837,2.6717388094516528,0.007554066317918107,4.191721796291976e-8,15036.545218683617,15041,2.664525913897837e-4,1.3348759838461197e-4,10,1.3350541970245938e-4,3.4537129550226293e-4,Main,adjusted
hld_rx,-0.16949961290368445,0.17776171763200124,-0.9535214621101894,0.3403412542478992,2.013062449298191e-6,15037.245251542634,15041,2.030439065633309e-4,7.00766701112087e-5,10,7.008158119505497e-5,0.03159701388678511,Main,adjusted
statin_rx,0.14858493628214597,0.17731168195048344,0.8379872924765341,0.4020511605282029,4.387980932888972e-6,15036.099396172425,15041,2.86492546608521e-4,1.535262768360594e-4,10,1.5354985077295727e-4,0.03143460577708322,Main,adjusted
insulin_rx,0.3143950651061833,0.019298044821473292,16.29155015519241,0,9.154594825664727e-8,15033.097676046027,15041,4.0337633729670624e-4,2.7039906853047095e-4,10,2.704722039624858e-4,3.723138333885099e-4,Main,adjusted
otherdm_rx,-0.11231644755069983,0.01895437125235291,-5.92562243586726,3.1794529231632396e-9,4.417532716271405e-7,14972.950202070368,15041,0.0014859179612389405,0.001352551138381375,10,0.0013543830106642534,3.587822609732326e-4,Main,adjusted
depres_rx,0.0017182603980726576,0.03545679800717178,0.04846067593935324,0.9613497474434554,3.3338244105679737e-7,15032.476776099875,15041,4.246798943125553e-4,2.916999675806624e-4,10,2.917850812794121e-4,0.0012568178042362181,Main,adjusted
psych_rx,-0.1018602481289555,0.041526544137494556,-2.4528948951710454,0.014182459136905745,8.965163836767774e-7,15022.195354798183,15041,7.049062892185385e-4,5.71872660871075e-4,10,5.721998863426278e-4,0.0017234676999812392,Main,adjusted
historical_hba1c_group7-9,0.15703892983300913,0.030556297675536203,5.139331063616934,2.7917529799026397e-7,2.2643248665055695e-7,15024.205853938067,15032,3.998221174600872e-4,2.6676568048347867e-4,10,2.668368634009219e-4,9.334382519006636e-4,Main,interaction
historical_hba1c_group>=9,0.42610556220794576,0.03400316285663366,12.531350804174295,0,9.198418596812512e-7,14997.682972425087,15032,0.001008329808056861,8.751192225636444e-4,10,8.758857270001114e-4,0.0011552032582091017,Main,interaction
historical_hba1c_groupUnavailable,0.255083375286947,0.03601691359041118,7.082321883207064,1.4805934256401088e-12,6.869512996182083e-7,15012.742960357427,15032,7.156289888944583e-4,5.825130332464052e-4,10,5.82852552454671e-4,0.0012964624181495655,Main,interaction
raceethNHBlack,0.11407432670495253,0.04928806805781266,2.3144410239644317,0.020656974030121233,1.543156300124734e-6,15007.270332752914,15032,8.318944798589471e-4,6.987454782262098e-4,10,6.992340648672575e-4,0.0024276161809414355,Main,interaction
raceethHispanic,0.21170431161890024,0.06951701303696375,3.04535972376046,0.0023280485757131153,1.948716462781256e-6,15018.401103443332,15032,5.766512163123097e-4,4.4356690197775746e-4,10,4.437637408855121e-4,0.004830471513472328,Main,interaction
raceethNHOther,0.01129165131374893,0.07265589711503705,0.15541272989679983,0.8764980370761617,1.482147028310787e-6,15022.966103153653,15032,4.419079937198073e-4,3.088461796630697e-4,10,3.0894159509445366e-4,0.005277249023859705,Main,interaction
regionUrban,0.05603891126061065,0.03414419857757327,1.6412425417833165,0.10076800866403923,2.6828928898060786e-7,15024.588257400945,15032,3.861956786054439e-4,2.531408141705651e-4,10,2.532049106678036e-4,0.0011655311782868777,Main,interaction
SviOverallPctlRankByZip2020_X,0.045867029518839884,0.033304049042562955,1.377220813608018,0.16846637809608822,7.17233274677999e-6,13768.026505610902,15032,0.007257301460909307,0.0071131020582667825,10,0.007164060753558468,0.0011012701166079803,Main,interaction
age,-0.0032386995972475347,7.740193029344006e-4,-4.18426205259899,2.879189953119976e-5,4.503260370863745e-9,13389.679111851225,15032,0.008416399316673156,0.008268298747254575,10,0.008337233484429453,5.941522949071052e-7,Main,interaction
female,0.023469723097090295,0.016830653521994664,1.3944629699862545,0.16319944235136252,1.3042027007558136e-6,14342.6405278148,15032,0.005203200311990205,0.005064491202854498,10,0.00509027083471707,2.8183627500659995e-4,Main,interaction
supreme_detected_t2dm,-0.26175922937201396,0.01967440302793578,-13.304557652922977,0,1.3169575525224567e-6,14632.76422446519,15032,0.003878636057801471,0.0037424959165961273,10,0.0037565548076241304,3.8563348119787384e-4,Main,interaction
ldl,7.967522065980718e-4,2.4513386155105204e-4,3.2502739587127123,0.001304919837165297,1.0053406335954512e-8,260.0963295947869,15032,0.19023731516924605,0.18403452644305077,10,0.22554205098998753,4.90318631093804e-8,Main,interaction
BodyMassIndex,-0.0013759869329076355,0.0014764506100137513,-0.9319559513709842,0.35204009005178927,3.228257699094603e-7,330.25125273230014,15032,0.16792456378654672,0.16290073109549938,10,0.19460144948959895,1.824798056909572e-6,Main,interaction
insurance_medicare,-0.060777898820779774,0.020296390630798113,-2.9945175931209307,0.002758439411887359,9.732722866202654e-6,6975.621948541357,15032,0.026268132237958725,0.025988990878445722,10,0.026682440583381904,4.0123747748512645e-4,Main,interaction
insurance_medicaid,-0.03869832663065386,0.025378170764722905,-1.5248666655063543,0.12734950552304025,1.8589146683213584e-5,5533.547825633601,15032,0.03209887359811881,0.031749106586649874,10,0.03279016503121991,6.236034900119014e-4,Main,interaction
insurance_other,-0.03362792432537485,0.025366669696764453,-1.325673599544844,0.1850607473232082,3.0531995696731204e-5,2681.7672737246885,15032,0.05290010860824756,0.05219404669921225,10,0.05506828324663243,6.098827362383437e-4,Main,interaction
factor(ValidatedStateOrProvince_X)*Unspecified,0.11682192175796108,0.7909109711109621,0.14770552694934277,0.8825771512255087,7.458608740332607e-5,15027.597433992112,15032,2.642026163626639e-4,1.3115815871787977e-4,10,1.3117536343701733e-4,0.6254581195275415,Main,interaction
factor(ValidatedStateOrProvince_X)Alabama,-0.2104466432195667,0.7136089882476712,-0.29490469807048914,0.7680707569237373,7.482225968738813e-5,15026.915783551072,15032,2.946693329123313e-4,1.6162289519389223e-4,10,1.616490213767324e-4,0.5091554836222087,Main,interaction
factor(ValidatedStateOrProvince_X)Alaska,-10.277234319473154,117.6692143218998,-0.08734004368685942,0.9304023890156978,1.579814818229199e-4,15028.246452403686,15032,1.3306871364000567e-4,1.2550850626799333e-8,10,1.2550850784323187e-8,13846.043825353558,Main,interaction
factor(ValidatedStateOrProvince_X)Arizona,-0.4807803113248542,0.7195565843145789,-0.6681619233361981,0.5040405001418122,7.443657113699561e-5,15026.996007735572,15032,2.911888878310918e-4,1.5814269716168058e-4,10,1.5816771022998023e-4,0.517679797802213,Main,interaction
factor(ValidatedStateOrProvince_X)Arkansas,-0.3934059949239006,0.7119923403432735,-0.5525424539458211,0.5805849747356617,7.902775333998927e-5,15026.68518910883,15032,3.045304058418366e-4,1.7148323896098145e-4,10,1.71512650505813e-4,0.5068461621788178,Main,interaction
factor(ValidatedStateOrProvince_X)California,-0.5849638816075324,0.7090794785447894,-0.824962362199547,0.40940605495866866,8.610784353689168e-5,15026.278593610277,15032,3.214331898099631e-4,1.8838467266391626e-4,10,1.8842016813561376e-4,0.5026989882654598,Main,interaction
factor(ValidatedStateOrProvince_X)Colorado,-0.36115901490419205,0.7151341864259431,-0.5050227240696911,0.6135502819691645,8.653783562902605e-5,15026.3335858877,15032,3.1918144040009777e-4,1.8613311045573435e-4,10,1.8616776244042397e-4,0.5113217129759036,Main,interaction
factor(ValidatedStateOrProvince_X)Connecticut,-0.5400308244508418,0.7106270154936012,-0.7599356802889582,0.44730495457281405,7.44478857228579e-5,15026.903193572069,15032,2.952131570077223e-4,1.6216668020174995e-4,10,1.6219298249927388e-4,0.5049088624750477,Main,interaction
factor(ValidatedStateOrProvince_X)Delaware,-0.5268438440611032,0.7341292728610149,-0.7176445124002637,0.4729876603973229,8.849452389413503e-5,15026.4671839093,15032,3.1366711623063195e-4,1.8061923522055912e-4,10,1.8065186442215223e-4,0.5388484452951589,Main,interaction
factor(ValidatedStateOrProvince_X)District of Columbia,0.09874674824681948,0.8665177350333586,0.11395813871370791,0.9092725001299473,1.2202961669187262e-4,15026.51156574587,15032,3.118211834336745e-4,1.7877344968974794e-4,10,1.7880541535067338e-4,0.7507187525489807,Main,interaction
factor(ValidatedStateOrProvince_X)Florida,-0.5296506987664195,0.7090684053072354,-0.7469669989553755,0.4550951685869564,7.728633477132997e-5,15026.74159445871,15032,3.0213745467212684e-4,1.6909046870133357e-4,10,1.6911906512332158e-4,0.5026929884366974,Main,interaction
factor(ValidatedStateOrProvince_X)Georgia,-0.9239826381962456,0.7159246379774354,-1.2906143875793918,0.19685728151034065,7.874161045347066e-5,15026.743944158132,15032,3.0203750570275084e-4,1.689905272329162e-4,10,1.6901908985802373e-4,0.5124614714916232,Main,interaction
factor(ValidatedStateOrProvince_X)Hawaii,-0.725559784555091,0.7193062812043561,-1.0086937977800838,0.3131377487401781,7.508476158589328e-5,15026.961778069228,15032,2.926771308238811e-4,1.5963083517411703e-4,10,1.5965632124601838e-4,0.5173189329422958,Main,interaction
factor(ValidatedStateOrProvince_X)Idaho,-0.7605370240622548,0.7139330818481738,-1.0652777457705649,0.28676737655115314,7.680815834299403e-5,15026.819579483194,15032,2.9880875611181445e-4,1.6576201756715762e-4,10,1.6578949916903134e-4,0.509615956383054,Main,interaction
factor(ValidatedStateOrProvince_X)Illinois,-0.26683793046909415,0.7083003655940691,-0.3767299064504796,0.7063796547161378,7.090089065687646e-5,15027.057509092012,15032,2.885027035667772e-4,1.5545669989110516e-4,10,1.5548087043411906e-4,0.5016114169209693,Main,interaction
factor(ValidatedStateOrProvince_X)Indiana,-0.7406336487282773,0.7096386350098852,-1.0436771790447406,0.29665156109715896,7.697034466790739e-5,15026.764187789642,15032,3.011755202015642e-4,1.6812860623786582e-4,10,1.6815687821943016e-4,0.5035023249195584,Main,interaction
factor(ValidatedStateOrProvince_X)Iowa,-0.32508496508163237,0.7093712728936922,-0.4582719620933258,0.6467636919957993,7.274632627270385e-5,15026.975801229248,15032,2.9206801307309505e-4,1.5902176050923962e-4,10,1.590470524515243e-4,0.5031275818479171,Main,interaction
factor(ValidatedStateOrProvince_X)Kansas,-0.47181097763603286,0.7108739609456809,-0.6637055280634829,0.5068889824600398,6.626052985768004e-5,15027.310601100984,15032,2.772775063071324e-4,1.4423224938777475e-4,10,1.4425305533042612e-4,0.5052689017677581,Main,interaction
factor(ValidatedStateOrProvince_X)Kentucky,-0.4297831741908189,0.7112750282669636,-0.6042433054876037,0.5456910154405579,7.064872910968797e-5,15027.099563663078,15032,2.8665673533342744e-4,1.5361085830425128e-4,10,1.5363445822524438e-4,0.5058344522341492,Main,interaction
factor(ValidatedStateOrProvince_X)Louisiana,-0.44556361375477704,0.7091614439052707,-0.6282964444613759,0.5298193090080447,6.848629925758512e-5,15027.185891582325,15032,2.828436678698492e-4,1.497980476540256e-4,10,1.4982049047099671e-4,0.502834618592625,Main,interaction
factor(ValidatedStateOrProvince_X)Maine,-0.3576182957772974,0.7123676633283387,-0.5020136569737401,0.6156652697163714,7.289009389597317e-5,15026.999319976085,15032,2.910446210766754e-4,1.5799844053153095e-4,10,1.5802340798355986e-4,0.5073875086525916,Main,interaction
factor(ValidatedStateOrProvince_X)Maryland,-0.3725050042994151,0.7097241056294605,-0.5248588871996072,0.5996890340835073,6.422320903010467e-5,15027.398856364483,15032,2.732958790061113e-4,1.4025087352335992e-4,10,1.4027054659004876e-4,0.5036376605816046,Main,interaction
factor(ValidatedStateOrProvince_X)Massachusetts,-0.3023723324588416,0.7084578314817384,-0.42680357111224304,0.6695285196694285,7.588508890488478e-5,15026.80675385987,15032,2.9935783515727357e-4,1.6631105613769753e-4,10,1.6633872010591495e-4,0.5018290253900118,Main,interaction
factor(ValidatedStateOrProvince_X)Michigan,-0.41995130982425904,0.7082751016432963,-0.5929211811200391,0.5532428244921255,6.419402195624249e-5,15027.387585774935,15032,2.7380635428174546e-4,1.4076131695625016e-4,10,1.4078113349400335e-4,0.5015830061836699,Main,interaction
factor(ValidatedStateOrProvince_X)Minnesota,-0.4165028333927627,0.70922810480182,-0.5872621665340607,0.5570364695512215,7.187665717971738e-5,15027.017997704344,15032,2.9023024849764823e-4,1.57184124929761e-4,10,1.572088356630259e-4,0.5029254403178837,Main,interaction
factor(ValidatedStateOrProvince_X)Mississippi,-0.3460559081860515,0.7096459254901095,-0.4876458748735175,0.6258078097647866,7.308286930035207e-5,15026.96170979694,15032,2.926800943621308e-4,1.5963379850233845e-4,10,1.5965928552055225e-4,0.5035169484084837,Main,interaction
factor(ValidatedStateOrProvince_X)Missouri,-0.5634351296240047,0.7165492410583647,-0.786317390821312,0.4316939657313672,7.210470826854963e-5,15027.079848017334,15032,2.875230792036086e-4,1.5447714292550328e-4,10,1.545010098000763e-4,0.513363499682223,Main,interaction
factor(ValidatedStateOrProvince_X)Montana,-1.6262514875818945,1.2249921469002847,-1.327560745345964,0.18434342507115975,1.1235211626879167e-4,15028.246452403686,15032,2.154034985403066e-4,8.235829235945243e-5,10,8.236507580644591e-5,1.500482172639473,Main,interaction
factor(ValidatedStateOrProvince_X)Nebraska,-0.5898446980242175,0.7640662205003858,-0.7719811217906337,0.44013774852557486,7.892308633014098e-5,15027.21043477233,15032,2.817536893678281e-4,1.4870814137663417e-4,10,1.4873025877698337e-4,0.583710373914781,Main,interaction
factor(ValidatedStateOrProvince_X)Nevada,-0.5767588005301192,0.719977717355779,-0.8010786815019058,0.4230987632256449,8.663404434116621e-5,15026.389299389652,15032,3.1688947582016544e-4,1.8384133410937842e-4,10,1.838751379600505e-4,0.5182726160400628,Main,interaction
factor(ValidatedStateOrProvince_X)New Hampshire,-0.2796246391362209,0.7132628357618847,-0.3920359019372357,0.695037246394866,6.793698215358495e-5,15027.251187326056,15032,2.799379701699111e-4,1.4689254132148522e-4,10,1.4691412191020862e-4,0.5086691421987163,Main,interaction
factor(ValidatedStateOrProvince_X)New Jersey,-0.6934928431734548,0.7140410197217316,-0.9712226945221094,0.3314530268294593,6.334837369077402e-5,15027.477495195526,15032,2.697175037541294e-4,1.366727182373196e-4,10,1.3669140022254766e-4,0.5097848946341905,Main,interaction
factor(ValidatedStateOrProvince_X)New Mexico,-0.3210894612564753,0.7564396867201403,-0.42447463676673625,0.6712257754470148,7.482529679845265e-5,15027.319236741534,15032,2.7688948706138417e-4,1.4384425495468314e-4,10,1.438649491011007e-4,0.5721186918187857,Main,interaction
factor(ValidatedStateOrProvince_X)New York,-0.5304877115143556,0.7083032969610181,-0.7489555869504181,0.453895697783107,7.278309027879701e-5,15026.962896806755,15032,2.926285663543991e-4,1.595822741458829e-4,10,1.5960774471275547e-4,0.5016134990865415,Main,interaction
factor(ValidatedStateOrProvince_X)North Carolina,-0.5973899427353189,0.7094545589883408,-0.8420411641122972,0.3997783130542629,7.523526149944159e-5,15026.850774743587,15032,2.974705431754704e-4,1.644239027154833e-4,10,1.6445094238123488e-4,0.5032430124816917,Main,interaction
factor(ValidatedStateOrProvince_X)North Dakota,-0.45192163513069,0.722675754068111,-0.6253449525416029,0.5317541793204714,9.157838566352872e-5,15026.167913139701,15032,3.25934006778664e-4,1.928851087066447e-4,10,1.9292232054941583e-4,0.522159509293683,Main,interaction
factor(ValidatedStateOrProvince_X)Ohio,-0.43565821968847074,0.7078712523455668,-0.6154483859104257,0.5382679660036525,7.248125708268045e-5,15026.973666438744,15032,2.921607931653479e-4,1.5911453404933215e-4,10,1.5913985551329083e-4,0.5010019805144901,Main,interaction
factor(ValidatedStateOrProvince_X)Oklahoma,-0.4906600511351822,0.7134455152571789,-0.6877330372709846,0.4916315260809636,6.987975342384759e-5,15027.158398729818,15032,2.8406151431854034e-4,1.5101581278132768e-4,10,1.5103862200159063e-4,0.5089276355118153,Main,interaction
factor(ValidatedStateOrProvince_X)Oregon,-0.6160603618257138,0.7105375433618568,-0.8670342159696008,0.3859371071270905,7.978810688128566e-5,15026.629284786817,15032,3.0689017874234003e-4,1.7384283097028738e-4,10,1.7387305755484217e-4,0.5047758336091331,Main,interaction
factor(ValidatedStateOrProvince_X)Pennsylvania,-0.5152710451059199,0.7080842785411172,-0.7276973387511795,0.4668102173845483,6.883206489376096e-5,15027.158468259739,15032,2.8405843851126605e-4,1.5101273718026912e-4,10,1.5103554547140228e-4,0.5013076302457113,Main,interaction
factor(ValidatedStateOrProvince_X)Puerto Rico,0.5902441068335017,1.2257762600021775,0.48152678926287346,0.6301491568001822,2.3824836448801197e-4,15026.615530368317,15032,3.074689664814441e-4,1.7442157396420726e-4,10,1.744520021570047e-4,1.5022653663839893,Main,interaction
factor(ValidatedStateOrProvince_X)Rhode Island,-0.44960851368145927,0.7907785823869942,-0.5685643537844683,0.5696603170140129,3.430362257122941e-5,15028.246452403686,15032,1.933905764515137e-4,6.0342440925910495e-5,10,6.0346082355820156e-5,0.6252930323771557,Main,interaction
factor(ValidatedStateOrProvince_X)South Carolina,-0.5703989106592912,0.7105109204996319,-0.8028010466864972,0.42210243400557435,7.670516214474405e-5,15026.787402741851,15032,3.0018505640856484e-4,1.6713821615832358e-4,10,1.6716615601144137e-4,0.5047413924708751,Main,interaction
factor(ValidatedStateOrProvince_X)South Dakota,-0.6929720358313189,0.8663230952227138,-0.7999002215832306,0.42378125279205303,4.250501330206493e-5,15028.246452403686,15032,1.9534572507970364e-4,6.229784973329626e-5,10,6.230173099717205e-5,0.7504689498016309,Main,interaction
factor(ValidatedStateOrProvince_X)Tennessee,-0.7165067956855502,0.7279816175276705,-0.9842374840712456,0.3250146052288514,6.386586996415674e-5,15027.567035002281,15032,2.6560704162388084e-4,1.325625017645656e-4,10,1.325800769112451e-4,0.529886983001243,Main,interaction
factor(ValidatedStateOrProvince_X)Texas,-0.35556822070348787,0.7080913909227378,-0.5021501818291209,0.6155692409457938,7.357457726852272e-5,15026.920610618397,15032,2.944606577770189e-4,1.6141423502231617e-4,10,1.6144029378383905e-4,0.501312485863902,Main,interaction
factor(ValidatedStateOrProvince_X)Utah,-0.25409388233251723,0.7131273606898734,-0.3563092602234599,0.7216139774182342,7.041755386685498e-5,15027.129011541792,15032,2.8535964776927713e-4,1.523138588245007e-4,10,1.5233706187023612e-4,0.5084731732552512,Main,interaction
factor(ValidatedStateOrProvince_X)Vermont,-0.42145997179248706,0.7173998606368682,-0.5874826507748943,0.55688842601387,6.916151853385809e-5,15027.230379511095,15032,2.808659767944196e-4,1.4782048723549135e-4,10,1.4784234136242555e-4,0.5145864823714108,Main,interaction
factor(ValidatedStateOrProvince_X)Virgin Islands,-10.177826022438524,326.6681563341875,-0.031156468192836104,0.9751451701341418,6.894448616540347e-4,15028.246452403686,15032,1.33063270387827e-4,7.106874093483422e-9,10,7.106874143991081e-9,106712.0836043878,Main,interaction
factor(ValidatedStateOrProvince_X)Virginia,-0.37686096231224986,0.7086339594616992,-0.5318132969502695,0.5948631739664494,6.918890428632117e-5,15027.146083963162,15032,2.8460595433310717e-4,1.5156021622806127e-4,10,1.515831902091459e-4,0.5020859807076501,Main,interaction
factor(ValidatedStateOrProvince_X)Washington,-0.4344279952310691,0.7102402777754465,-0.6116634170505608,0.5407697239500713,6.932958981723245e-5,15027.154636045785,15032,2.842279335645409e-4,1.5118222086358597e-4,10,1.512050803834442e-4,0.5043649896257445,Main,interaction
factor(ValidatedStateOrProvince_X)West Virginia,-0.18548041478607707,0.7104867676738243,-0.26106104043760153,0.7940490127501068,6.512662797063807e-5,15027.361984780964,15032,2.7496370066041204e-4,1.419185907127346e-4,10,1.4193873445789642e-4,0.5047198077488312,Main,interaction
factor(ValidatedStateOrProvince_X)Wisconsin,-0.36875092972996637,0.7082247583589956,-0.5206693572593919,0.6026047956952447,6.998506257962436e-5,15027.102506122406,15032,2.8652729599033095e-4,1.5348142778485e-4,10,1.535049879495726e-4,0.50150532478382015,Main,interaction
factor(ValidatedStateOrProvince_X)Wyoming,-0.88210761208005,0.7909255003371696,-1.1152853356024173,0.26474600255345715,8.512378461689731e-5,15027.188485306142,15032,2.827286038282468e-4,1.4968299126174908e-4,10,1.497053996137713e-4,0.6254695109205234,Main,interaction
htn_dx,-0.026414649584084328,0.0230622070302807,-1.1453652093835542,0.25207633398501317,1.0815444041632413e-6,14872.388204026967,15032,0.002370991519115285,0.002236841990467767,10,0.002241856669602945,5.30675694262949e-4,Main,interaction
hld_dx,0.07126480684529342,0.02526965918683998,2.820172853079354,0.0048061241217216555,1.2354714270850771e-6,14885.652355670049,15032,0.0022623141035047257,0.0021282695027363767,10,0.002132808694435916,6.371966568492526e-4,Main,interaction
cerebro_dx,0.017695545535424993,0.04500431636515743,0.3931966301153499,0.6941798365893295,3.2559872158079606e-7,15026.558003388329,15032,3.098820967410064e-4,1.768345160658422e-4,10,1.7686579204258666e-4,0.0020250303329014375,Main,interaction
pulmonary_dx,-0.14005981169413967,0.025577304448851697,-5.475941062289216,4.42179430848455e-8,1.8678722333050406e-7,15022.805930367236,15032,4.4713532167613254e-4,3.140727848847124e-4,10,3.1417145758932876e-4,6.539930369235852e-4,Main,interaction
cardiovascular_dx,0.0594082374116117,0.01883163013109863,3.154704982948061,0.0016097806866852693,3.517232138937821e-7,14983.851921343248,15032,0.0012242874729168453,0.001090982757225327,10,0.0010921743005551173,3.5424339785921873e-4,Main,interaction
obesity_dx,-0.043409980843744464,0.02061262781472949,-2.1059896503212614,0.035231995187807286,7.306860085127618e-6,9295.516094556739,15032,0.019128214770550742,0.018917195551038227,10,0.019281956084902865,4.168428793349194e-4,Main,interaction
htn_rx,0.04967512692863776,0.018586470631422637,2.672649795311653,0.007533600017614717,4.2636210509207726e-8,15027.497413467332,15032,2.688064791260021e-4,1.3576174870272035e-4,10,1.3578018245773e-4,3.45409990701176e-4,Main,interaction
hld_rx,-0.16699584244307236,0.17776817505606463,-0.9394023558514066,0.3475393018974633,2.050810848046235e-6,15028.246452403686,15032,2.0443220847681328e-4,7.138554230392316e-5,10,7.139063856337243e-5,0.03159926817083078,Main,interaction
statin_rx,0.14591390910699673,0.17731882272782404,0.8228901301187164,0.41058353376722634,4.438195679913763e-6,15027.061755016573,15032,2.883166701551076e-4,1.5527067931119494e-4,10,1.5529479203904836e-4,0.03143708287833358,Main,interaction
insulin_rx,0.31256115821004526,0.019309194304116546,16.18716727830586,0,9.22342406340709e-8,15024.053101790536,15032,4.0517462973231166e-4,2.721175525162389e-4,10,2.721916206338613e-4,3.7274352700942935e-4,Main,interaction
otherdm_rx,-0.11215054971574254,0.018960609552727464,-5.914923220367132,3.3927072262684987e-9,4.4130430672619043e-7,14964.203022407617,15032,0.0014837326099027626,0.00135028754191471,10,0.0013521132836368623,3.590192798735812e-4,Main,interaction
depres_rx,0.002885658150148879,0.0354588974554955,0.08138036874301216,0.9351405448540175,3.3199368736191714e-007,15023.51897524105,15032,4.235098181074405e-4,2.904504513710947e-4,10,2.9053483734574077e-4,0.0012569682157032472,Main,interaction
psych_rx,-0.10148194849730849,0.04153008345675248,-2.4435768014525454,0.01455390771985865,8.921288697581905e-7,15013.336527226418,15032,7.020894442470996e-4,5.689769475685198e-4,10,5.693008666378675e-4,0.0017237664901680917,Main,interaction
historical_hba1c_group7-9:raceethNHBlack,0.04447423109267676,0.05991800360141592,0.7422515507780668,0.45794654073870644,1.8339774437007924e-7,15028.246452403686,15032,1.8924036637683677e-4,5.619167856671449e-5,10,5.619483624889009e-5,0.0035899654180604848,Main,interaction
historical_hba1c_group>=9:raceethNHBlack,0.08100048143155807,0.0594294141311716,1.3629695432092797,0.17291253041177734,2.1012182270678276e-7,15028.246452403686,15032,1.9849011741053003e-4,6.544266050058133e-5,10,6.544694352268709e-5,0.003531624129969321,Main,interaction
historical_hba1c_groupUnavailable:raceethNHBlack,0.1631148262329934,0.06510099852579584,2.5055656583878694,0.012236058980031661,4.618743348066569e-7,15027.8380108768,15032,2.529223057572421e-4,1.198784766906573e-4,10,1.1989284926279302e-4,0.004237631947287386,Main,interaction
historical_hba1c_group7-9:raceethHispanic,-0.045762326518423636,0.08402135292713568,-0.5446511502630679,0.5860015495480526,1.853484413660778e-7,15028.246452403686,15032,1.6193266049000448e-4,2.888033873775826e-5,10,2.8881172835812902e-5,0.007059383864420789,Main,interaction
historical_hba1c_group>=9:raceethHispanic,0.022548093423855387,0.08205319839731409,0.2747984705565538,0.7834748506674096,3.057193917196171e-7,15028.246452403686,15032,1.8299827066932105e-4,4.9948752199361294e-5,10,4.995124720182983e-5,0.006732391075898095,Main,interaction
historical_hba1c_groupUnavailable:raceethHispanic,0.016981443346118227,0.09151600950868487,0.18555707834383545,0.8527946197465719,1.0059935241777808e-6,15027.576458489304,15032,2.65172167334541e-4,1.3212765302620972e-4,10,1.3214511304985587e-4,0.008374073403517103,Main,interaction
historical_hba1c_group7-9:raceethNHOther,0.03595362242266921,0.08871120405443625,0.40528840529102533,0.6852712974495812,1.740754602110839e-7,15028.246452403686,15032,1.573846738257182e-4,2.433174685528242e-5,10,2.433233890359302e-5,0.007869486241781593,Main,interaction
historical_hba1c_group>=9:raceethNHOther,0.2213023350361592,0.09093189029258823,2.433715326098278,0.014956316311043993,4.323577397802442e-7,15028.246452403686,15032,1.9056647265777856e-4,5.7517961317752085e-5,10,5.752126982392477e-5,0.008268133078669544,Main,interaction
historical_hba1c_groupUnavailable:raceethNHOther,0.135453896304529,0.09936375197349075,1.3632123748775786,0.17283601520970704,2.146587219479735e-6,15024.971033514339,15032,3.722115275734664e-4,2.391581912875346e-4,10,2.3921540161031183e-4,0.009870793960307959,Main,interaction
